{
  "confidence": {
    "assertive_phrase_ratio": 0.4087344851569796,
    "audio_confidence_prob": 0.15149848299966112,
    "llm_confidence_mean": 0.06716773557508743,
    "pause_frequency": 0.05821784482416385,
    "eye_contact_ratio": 0.05708756179181231,
    "face_presence_ratio": 0.05338141706987352,
    "mean_pause_duration": 0.05228356835064442,
    "hedge_ratio": 0.046055706934858345,
    "audio_nervous_prob": 0.040149680618022224,
    "facial_engagement_score": 0.02604545625440275
  },
  "clarity": {
    "answer_depth_score": 0.2888412097087655,
    "vague_phrase_ratio": 0.27983077300367915,
    "filler_word_ratio": 0.22165709864752953,
    "specificity_score": 0.11609459908283136,
    "hedge_ratio": 0.04753444790267431,
    "monotony_score": 0.0268475028595794,
    "topic_drift_ratio": 0.005754801152788242,
    "semantic_relevance_mean": 0.005222318317475141,
    "audio_confidence_prob": 0.003492938284564563,
    "llm_confidence_mean": 0.0015072228394284318
  },
  "empathy": {
    "empathy_phrase_ratio": 0.8360520124342877,
    "avg_sentiment": 0.09711945878999424,
    "reflective_response_ratio": 0.03283985351795365,
    "llm_empathy_mean": 0.020950820743318575,
    "question_back_ratio": 0.010406316844288294,
    "pitch_mean": 0.00012564304541464437,
    "pitch_variance": 0.0001166046006763346,
    "emotion_consistency": 0.00011123200767720685,
    "modal_verb_ratio": 9.776618714601213e-05,
    "audio_calm_prob": 9.706656296144436e-05
  },
  "communication": {
    "answer_depth_score": 0.23352495097539067,
    "vague_phrase_ratio": 0.22776290735881186,
    "filler_word_ratio": 0.2143961165111809,
    "specificity_score": 0.13217180924286626,
    "monotony_score": 0.07303635776708034,
    "hedge_ratio": 0.0430998070742092,
    "audio_confidence_prob": 0.017922772482938578,
    "llm_confidence_mean": 0.013790457290304377,
    "assertive_phrase_ratio": 0.011841623330976112,
    "pause_frequency": 0.00925986218524538
  }
}