{
  "confidence": {
    "audio_nervous_prob": 0.1674764211082635,
    "assertive_phrase_ratio": 0.1304458234646049,
    "audio_confidence_prob": 0.1264822491915509,
    "silence_ratio": 0.11026409757575031,
    "monotony_score": 0.09402007454204794,
    "filler_word_ratio": 0.07495732305641711,
    "hedge_ratio": 0.07078784000123643,
    "topic_drift_ratio": 0.04593308682218609,
    "modal_verb_ratio": 0.04338981277055155,
    "eye_contact_ratio": 0.0403826422707555
  },
  "clarity": {
    "topic_drift_ratio": 0.18353038922058545,
    "semantic_relevance_mean": 0.15305462700872535,
    "energy_variance": 0.10813764711415799,
    "hedge_ratio": 0.08116223441209645,
    "filler_word_ratio": 0.08066471963410303,
    "expression_variance": 0.0781937109419517,
    "response_length_consistency": 0.0739021861416571,
    "emotion_mismatch_score": 0.06147607187128592,
    "monotony_score": 0.059834949236865186,
    "mean_pause_duration": 0.03625925990372186
  },
  "empathy": {
    "empathy_phrase_ratio": 0.18693470707835033,
    "reflective_response_ratio": 0.16737751301462145,
    "energy_variance": 0.16301431298796187,
    "audio_calm_prob": 0.10396859657494215,
    "question_back_ratio": 0.0924987823326688,
    "modal_verb_ratio": 0.04357580446632142,
    "avg_sentiment": 0.039374711067487404,
    "emotion_consistency": 0.037733747535549596,
    "smile_ratio": 0.033580251574460034,
    "eye_contact_ratio": 0.0310344570164735
  },
  "communication": {
    "monotony_score": 0.11041850406781473,
    "topic_drift_ratio": 0.11020026002501808,
    "filler_word_ratio": 0.10209085638112832,
    "semantic_relevance_mean": 0.09166886232197782,
    "emotion_consistency": 0.08677783592536507,
    "eye_contact_ratio": 0.07219378842197569,
    "silence_ratio": 0.06914566894249483,
    "expression_variance": 0.06575109159285482,
    "response_length_consistency": 0.061741814297008236,
    "energy_mean": 0.0614532756223676
  }
}