{
  "confidence": {
    "assertive_phrase_ratio": 0.5358737764792271,
    "audio_confidence_prob": 0.1450891644372728,
    "hedge_ratio": 0.13963369672890846,
    "head_turn_frequency": 0.05996968488074073,
    "pause_frequency": 0.027275501620316934,
    "filler_word_ratio": 0.026821327669345738,
    "audio_nervous_prob": 0.019802097316622837,
    "llm_confidence_mean": 0.013322392364921259,
    "eye_contact_ratio": 0.007697724886091654,
    "speech_rate_variance": 0.005800600936513253
  },
  "clarity": {
    "answer_depth_score": 0.41123896448618663,
    "vague_phrase_ratio": 0.26644814874942296,
    "filler_word_ratio": 0.21588048766280435,
    "hedge_ratio": 0.04187969860247782,
    "monotony_score": 0.03982903749247071,
    "specificity_score": 0.01185879923331727,
    "topic_drift_ratio": 0.005189734095104219,
    "semantic_relevance_mean": 0.0045771569461040065,
    "audio_confidence_prob": 0.0008859531322463887,
    "mean_pause_duration": 0.0007678770942253812
  },
  "empathy": {
    "empathy_phrase_ratio": 0.8610336862910166,
    "avg_sentiment": 0.06991754295370965,
    "reflective_response_ratio": 0.029545548233361398,
    "llm_empathy_mean": 0.025400354322092044,
    "question_back_ratio": 0.01036972746010469,
    "audio_calm_prob": 0.0009956549540191615,
    "emotion_consistency": 0.00012060179686358837,
    "pitch_mean": 0.00011995938692279972,
    "energy_variance": 0.00011692368480229747,
    "modal_verb_ratio": 0.0001000326866217737
  },
  "communication": {
    "answer_depth_score": 0.316620475312226,
    "vague_phrase_ratio": 0.21842882526577612,
    "filler_word_ratio": 0.20624897979563855,
    "monotony_score": 0.10798641011929397,
    "hedge_ratio": 0.046575061334955765,
    "specificity_score": 0.03447031629662025,
    "mean_pause_duration": 0.02700665269609057,
    "llm_confidence_mean": 0.010671624864262676,
    "assertive_phrase_ratio": 0.009809597762393955,
    "audio_confidence_prob": 0.005958296276170236
  }
}