{
  "confidence": {
    "audio_confidence_prob": 0.7537192497224293,
    "assertive_phrase_ratio": 0.060702519819138906,
    "pause_frequency": 0.05448513836993004,
    "audio_nervous_prob": 0.048749982320226225,
    "mean_pause_duration": 0.023055368830251364,
    "hedge_ratio": 0.020956067598683945,
    "silence_ratio": 0.011808972971810229,
    "filler_word_ratio": 0.01059812876218151,
    "monotony_score": 0.008951994528438631,
    "speech_rate_variance": 0.0016402529987337515
  },
  "clarity": {
    "semantic_relevance_mean": 0.8400109413740178,
    "response_length_consistency": 0.10573821862908239,
    "topic_drift_ratio": 0.0418907083537399,
    "filler_word_ratio": 0.006977250110516087,
    "sentence_length_std": 0.0006481922290668586,
    "pause_frequency": 0.0004309923403900559,
    "avg_response_length_sec": 0.00035756957671990357,
    "monotony_score": 0.00030809422617301307,
    "emotion_consistency": 0.0002363064989097215,
    "silence_ratio": 0.00022233687090190998
  },
  "empathy": {
    "empathy_phrase_ratio": 0.6039139530975673,
    "audio_calm_prob": 0.19665064981774266,
    "avg_sentiment": 0.13887415874201814,
    "reflective_response_ratio": 0.04171821102941223,
    "question_back_ratio": 0.013641902913646604,
    "sentiment_variance": 0.00030748383702923997,
    "response_length_consistency": 0.00028899892870589653,
    "pitch_mean": 0.00026666775833829185,
    "avg_sentence_length": 0.0002579950338076896,
    "pitch_variance": 0.00025012393807551683
  },
  "communication": {
    "semantic_relevance_mean": 0.6869626861512722,
    "monotony_score": 0.13236891151049204,
    "eye_contact_ratio": 0.07720222392462582,
    "emotion_consistency": 0.06257821384980611,
    "head_turn_frequency": 0.013337562930860716,
    "filler_word_ratio": 0.010042620861459213,
    "avg_sentiment": 0.008667524963978601,
    "sentence_length_std": 0.002315715000142153,
    "speech_rate_variance": 0.0011610038082423679,
    "audio_confidence_prob": 0.000599490084365236
  }
}