{
  "timestamp": "2025-12-23T21:03:33.537052",
  "config": {
    "n_estimators": 100,
    "max_depth": 4,
    "learning_rate": 0.1,
    "min_child_weight": 5,
    "subsample": 0.8,
    "colsample_bytree": 0.8,
    "reg_alpha": 0.1,
    "reg_lambda": 1.0,
    "random_state": 42,
    "n_jobs": -1,
    "verbosity": 0
  },
  "metrics": {
    "confidence": {
      "train": {
        "rmse": 1.4282090965814727,
        "mae": 1.2054061894127674,
        "r2": 0.9848040819737726
      },
      "validation": {
        "rmse": 1.8820863542932977,
        "mae": 1.5877720776203967,
        "r2": 0.972971541593532
      }
    },
    "clarity": {
      "train": {
        "rmse": 1.4292206067941795,
        "mae": 1.2077982721569884,
        "r2": 0.9907636191702066
      },
      "validation": {
        "rmse": 1.8845925397832244,
        "mae": 1.5810894969714882,
        "r2": 0.9846308756106672
      }
    },
    "empathy": {
      "train": {
        "rmse": 1.4544480996566895,
        "mae": 1.2275969402840605,
        "r2": 0.9847881392856643
      },
      "validation": {
        "rmse": 1.8833935185454056,
        "mae": 1.5890129308849223,
        "r2": 0.9741673015158127
      }
    },
    "communication": {
      "train": {
        "rmse": 1.469163247245665,
        "mae": 1.2357806226595116,
        "r2": 0.9872736709593741
      },
      "validation": {
        "rmse": 1.9694061806506113,
        "mae": 1.6400443029155733,
        "r2": 0.9771567018556461
      }
    }
  },
  "feature_names": [
    "semantic_relevance_mean",
    "semantic_relevance_std",
    "topic_drift_ratio",
    "avg_sentence_length",
    "sentence_length_std",
    "avg_response_length_sec",
    "response_length_consistency",
    "assertive_phrase_ratio",
    "modal_verb_ratio",
    "hedge_ratio",
    "filler_word_ratio",
    "empathy_phrase_ratio",
    "reflective_response_ratio",
    "question_back_ratio",
    "avg_sentiment",
    "sentiment_variance",
    "negative_spike_count",
    "speech_rate_wpm",
    "speech_rate_variance",
    "mean_pause_duration",
    "pause_frequency",
    "silence_ratio",
    "pitch_mean",
    "pitch_variance",
    "energy_mean",
    "energy_variance",
    "monotony_score",
    "audio_confidence_prob",
    "audio_nervous_prob",
    "audio_calm_prob",
    "emotion_consistency",
    "eye_contact_ratio",
    "gaze_variance",
    "head_turn_frequency",
    "expression_variance",
    "smile_ratio",
    "neutral_face_ratio",
    "emotion_mismatch_score"
  ],
  "n_features": 38,
  "models_trained": [
    "confidence",
    "clarity",
    "empathy",
    "communication"
  ]
}